route,category,slug,title,markdown_bytes,code_blocks
"/design-system","overview","homepage","Supabase Design System","601","0"
"/design-system/docs","getting-started","introduction","Introduction","395","0"
"/design-system/docs/accessibility","getting-started","accessibility","Accessibility","7400","8"
"/design-system/docs/color-usage","getting-started","color-usage","Color usage","2425","1"
"/design-system/docs/components/accordion","components","accordion","Accordion","2435","5"
"/design-system/docs/components/alert","components","alert","Alert","1697","4"
"/design-system/docs/components/alert-dialog","components","alert-dialog","Alert Dialog","8253","6"
"/design-system/docs/components/aspect-ratio","components","aspect-ratio","Aspect Ratio","1124","4"
"/design-system/docs/components/avatar","components","avatar","Avatar","836","4"
"/design-system/docs/components/badge","components","badge","Badge","1691","5"
"/design-system/docs/components/breadcrumb","components","breadcrumb","Breadcrumb","3836","8"
"/design-system/docs/components/button","components","button","Button","5682","7"
"/design-system/docs/components/calendar","components","calendar","Calendar","1435","4"
"/design-system/docs/components/card","components","card","Card","842","3"
"/design-system/docs/components/carousel","components","carousel","Carousel","5603","12"
"/design-system/docs/components/checkbox","components","checkbox","Checkbox","922","4"
"/design-system/docs/components/collapsible","components","collapsible","Collapsible","2786","5"
"/design-system/docs/components/combobox","components","combobox","Combobox","7707","3"
"/design-system/docs/components/command","components","command","Command","4069","5"
"/design-system/docs/components/commandmenu","components","commandmenu","Command Menu (cmdk)","3632","3"
"/design-system/docs/components/context-menu","components","context-menu","Context Menu","3202","4"
"/design-system/docs/components/date-picker","components","date-picker","Date Picker","3514","3"
"/design-system/docs/components/dialog","components","dialog","Dialog","5232","5"
"/design-system/docs/components/drawer","components","drawer","Drawer","4605","4"
"/design-system/docs/components/dropdown-menu","components","dropdown-menu","Dropdown Menu","4835","4"
"/design-system/docs/components/expanding-textarea","components","expanding-textarea","Expanding Textarea","1200","4"
"/design-system/docs/components/field","components","field","Field","7713","15"
"/design-system/docs/components/form","components","form","React Hook Form","5789","6"
"/design-system/docs/components/hover-card","components","hover-card","Hover Card","1770","4"
"/design-system/docs/components/input","components","input","Input","661","4"
"/design-system/docs/components/input-otp","components","input-otp","Input OTP","3059","7"
"/design-system/docs/components/introduction","components","introduction","Atom components","1283","0"
"/design-system/docs/components/keyboard-shortcut","components","keyboard-shortcut","Keyboard Shortcut","2798","6"
"/design-system/docs/components/label","components","label","Label","915","3"
"/design-system/docs/components/menubar","components","menubar","Menubar","4579","4"
"/design-system/docs/components/mermaid","components","mermaid","Mermaid","3831","3"
"/design-system/docs/components/nav-menu","components","nav-menu","NavMenu","1702","3"
"/design-system/docs/components/navigation-menu","components","navigation-menu","Navigation Menu","8125","7"
"/design-system/docs/components/pagination","components","pagination","Pagination","1589","4"
"/design-system/docs/components/popover","components","popover","Popover","2170","4"
"/design-system/docs/components/progress","components","progress","Progress","874","4"
"/design-system/docs/components/radio-group","components","radio-group","Radio Group","1652","4"
"/design-system/docs/components/radio-group-card","components","radio-group-card","Radio Group Card","1205","3"
"/design-system/docs/components/radio-group-stacked","components","radio-group-stacked","Radio Group Stacked","1547","3"
"/design-system/docs/components/resizable","components","resizable","Resizable","2870","6"
"/design-system/docs/components/scroll-area","components","scroll-area","Scroll-area","3124","5"
"/design-system/docs/components/select","components","select","Select","1643","4"
"/design-system/docs/components/separator","components","separator","Separator","1055","4"
"/design-system/docs/components/sheet","components","sheet","Sheet","4192","5"
"/design-system/docs/components/sidebar","components","sidebar","Sidebar","29244","49"
"/design-system/docs/components/skeleton","components","skeleton","Skeleton","858","4"
"/design-system/docs/components/slider","components","slider","Slider","1243","5"
"/design-system/docs/components/sonner","components","sonner","Sonner","1939","7"
"/design-system/docs/components/success-check","components","success-check","Success Check","3347","4"
"/design-system/docs/components/switch","components","switch","Switch","1371","5"
"/design-system/docs/components/table","components","table","Table","13047","9"
"/design-system/docs/components/tabs","components","tabs","Tabs","2984","4"
"/design-system/docs/components/textarea","components","textarea","Textarea","833","5"
"/design-system/docs/components/toggle","components","toggle","Toggle","953","5"
"/design-system/docs/components/toggle-group","components","toggle-group","Toggle Group","1987","5"
"/design-system/docs/components/tooltip","components","tooltip","Tooltip","1141","4"
"/design-system/docs/components/tree-view","components","tree-view","Tree View","3447","5"
"/design-system/docs/copywriting","getting-started","copywriting","Copywriting","7611","0"
"/design-system/docs/fragments/admonition","fragments","admonition","Admonition","6302","4"
"/design-system/docs/fragments/assistant-chat","fragments","assistant-chat","Assistant Chat","2191","4"
"/design-system/docs/fragments/collapsible-alert","fragments","collapsible-alert","Collapsible Alert","1940","5"
"/design-system/docs/fragments/collapsible-card-section","fragments","collapsible-card-section","Collapsible Card Section","2080","5"
"/design-system/docs/fragments/confirmation-modal","fragments","confirmation-modal","Confirmation Modal","6011","3"
"/design-system/docs/fragments/data-input","fragments","data-input","Data Input","2835","6"
"/design-system/docs/fragments/empty-state-presentational","fragments","empty-state-presentational","Empty State Presentational","3891","3"
"/design-system/docs/fragments/error-display","fragments","error-display","Error Display","3650","4"
"/design-system/docs/fragments/filter-bar","fragments","filter-bar","Filter Bar","7132","6"
"/design-system/docs/fragments/form-item-layout","fragments","form-item-layout","Form Item Layout","3277","3"
"/design-system/docs/fragments/info-tooltip","fragments","info-tooltip","Info Tooltip","608","3"
"/design-system/docs/fragments/inner-side-menu","fragments","inner-side-menu","Inner Side Menu","5921","7"
"/design-system/docs/fragments/introduction","fragments","introduction","Fragment components","1153","0"
"/design-system/docs/fragments/key-value-field-array","fragments","key-value-field-array","Key/Value Field Array","4754","4"
"/design-system/docs/fragments/logs-bar-chart","fragments","logs-bar-chart","Logs Bar Chart","1257","2"
"/design-system/docs/fragments/metric-card","fragments","metric-card","Metric Card","2070","1"
"/design-system/docs/fragments/multi-select","fragments","multi-select","Multi Select","3216","3"
"/design-system/docs/fragments/page-breadcrumbs","fragments","page-breadcrumbs","Page Breadcrumbs","2175","3"
"/design-system/docs/fragments/page-container","fragments","page-container","Page Container","1724","3"
"/design-system/docs/fragments/page-header","fragments","page-header","Page Header","3614","2"
"/design-system/docs/fragments/page-nav","fragments","page-nav","Page Nav","1969","3"
"/design-system/docs/fragments/page-section","fragments","page-section","Page Section","6270","4"
"/design-system/docs/fragments/single-value-field-array","fragments","single-value-field-array","Single Value Field Array","3058","3"
"/design-system/docs/fragments/status-codes","fragments","status-codes","Status Code","1513","3"
"/design-system/docs/fragments/text-confirm-dialog","fragments","text-confirm-dialog","Text Confirm Dialog","3485","3"
"/design-system/docs/fragments/toc","fragments","toc","Table of Contents (TOC)","15139","2"
"/design-system/docs/icons","getting-started","icons","Icons","5635","8"
"/design-system/docs/tailwind-classes","getting-started","tailwind-classes","Tailwind Classes","5424","6"
"/design-system/docs/theming","getting-started","theming","Themes","883","0"
"/design-system/docs/typography","getting-started","typography","Typography","947","0"
"/design-system/docs/ui-patterns/charts","ui-patterns","charts","Charts","14225","2"
"/design-system/docs/ui-patterns/connect-interstitials","ui-patterns","connect-interstitials","Connect Interstitials","10580","10"
"/design-system/docs/ui-patterns/empty-states","ui-patterns","empty-states","Empty states","9614","5"
"/design-system/docs/ui-patterns/forms","ui-patterns","forms","Forms","67424","2"
"/design-system/docs/ui-patterns/introduction","ui-patterns","introduction","UI patterns","1759","0"
"/design-system/docs/ui-patterns/layout","ui-patterns","layout","Layout","79196","7"
"/design-system/docs/ui-patterns/markdown","ui-patterns","markdown","Markdown","5067","5"
"/design-system/docs/ui-patterns/modality","ui-patterns","modality","Modality","5604","1"
"/design-system/docs/ui-patterns/navigation","ui-patterns","navigation","Navigation","1650","0"
"/design-system/docs/ui-patterns/tables","ui-patterns","tables","Tables","21417","3"
